"name","ave_annual_eir","phas_peak","ioD","mean_R0"
Arua City,2.43225769475499,110,0.0153834329358013,1.92019191773576
